"category","term","ontology","over_represented_pvalue","FDR","numDEInCat","numInCat"
"GO:0003735","structural constituent of ribosome","MF",8.10621211801562e-16,4.91722827078828e-12,62,241
"GO:0005840","ribosome","CC",1.48904734875532e-12,4.5162806087749e-09,49,193
"GO:0022625","cytosolic large ribosomal subunit","CC",1.01589832688063e-09,2.05414641695263e-06,27,86
"GO:0006412","translation","BP",2.82346291678091e-08,4.28178151329825e-05,41,193
"GO:0006123","mitochondrial electron transport, cytochrome c to oxygen","BP",6.02398293762099e-08,7.30829609992179e-05,14,31
"GO:0005746","mitochondrial respirasome","CC",9.90431269098109e-08,0.000100132601305819,8,10
"GO:0005747","mitochondrial respiratory chain complex I","CC",1.1582039104683e-07,0.000100366641727153,18,52
"GO:0051131","chaperone-mediated protein complex assembly","BP",2.26286971226853e-07,0.000171582095932761,7,8
"GO:0005682","U5 snRNP","CC",1.52188568077729e-06,0.00102575094884389,10,20
"GO:0000387","spliceosomal snRNP assembly","BP",2.69379833567699e-06,0.00163405807042166,13,35
"GO:0016272","prefoldin complex","CC",7.42387620976526e-06,0.00375276942403634,7,11
"GO:0097250","mitochondrial respirasome assembly","BP",7.42387620976526e-06,0.00375276942403634,7,11
"GO:0005787","signal peptidase complex","CC",8.73651107856093e-06,0.00395336817783491,6,8
"GO:0005665","RNA polymerase II, core complex","CC",9.12415998840897e-06,0.00395336817783491,9,19
"GO:0008380","RNA splicing","BP",1.65111562863133e-05,0.00635343791530869,7,12
"GO:0005685","U1 snRNP","CC",1.69400893881054e-05,0.00635343791530869,12,35
"GO:0006122","mitochondrial electron transport, ubiquinol to cytochrome c","BP",1.78055464161305e-05,0.00635343791530869,8,16
"GO:0005743","mitochondrial inner membrane","CC",2.5149174071924e-05,0.00847527166223838,22,100
"GO:0002181","cytoplasmic translation","BP",3.20702301105969e-05,0.01023884293952,12,37
"GO:1905323","telomerase holoenzyme complex assembly","BP",5.09633001311687e-05,0.0154571689297835,4,4
"GO:0005753","mitochondrial proton-transporting ATP synthase complex","CC",5.64368610183628e-05,0.0155872053171529,6,10
"GO:0042273","ribosomal large subunit biogenesis","BP",5.75948927422255e-05,0.0155872053171529,10,28
"GO:0003899","DNA-directed 5'-3' RNA polymerase activity","MF",5.9100844427055e-05,0.0155872053171529,9,23
"GO:0006888","endoplasmic reticulum to Golgi vesicle-mediated transport","BP",7.57318076765315e-05,0.0191412143902433,24,122
"GO:0005686","U2 snRNP","CC",8.1277902159217e-05,0.0197212701799124,10,29
"GO:0005868","cytoplasmic dynein complex","CC",0.000128101412158008,0.0298870448519415,8,20
"GO:0043248","proteasome assembly","BP",0.00019358567054328,0.041938952768412,5,8
"GO:0045047","protein targeting to ER","BP",0.00019358567054328,0.041938952768412,5,8
"GO:0051879","Hsp90 protein binding","MF",0.000213993729291046,0.0434914054707541,6,12
"GO:0006457","protein folding","BP",0.000215091026067033,0.0434914054707541,21,107
"GO:0005739","mitochondrion","CC",0.000228896866478268,0.0443344279449733,65,494
"GO:2000051","negative regulation of non-canonical Wnt signaling pathway","BP",0.000237619892415822,0.0443344279449733,4,5
"GO:0031386","protein tag activity","MF",0.000248494980238888,0.0443344279449733,9,27
"GO:0045505","dynein intermediate chain binding","MF",0.000248494980238888,0.0443344279449733,9,27
"GO:0071013","catalytic step 2 spliceosome","CC",0.000269281339766594,0.0466703030578332,17,79
